"data_local";"temperatura_C";"temperatura_max_C";"temperatura_min_C";"amplitude_termica_C"
2023-12-31;24,95;27,1;23,9;3,2
2024-01-01;26,8041666666667;34,1;23,9;10,2
2024-01-02;27,5958333333333;33,5;23,8;9,7
2024-01-03;26,05;34,4;23,2;11,2
2024-01-04;28,55;35,8;22,9;12,9
2024-01-05;29,9291666666667;37,1;23,8;13,3
2024-01-06;30,45;37,7;24,4;13,3
2024-01-07;31,1916666666667;37,5;25,5;12
2024-01-08;31,2166666666667;37,5;25,1;12,4
2024-01-09;30,9583333333333;37,6;25,1;12,5
2024-01-10;31,6833333333333;36,6;25,9;10,7
2024-01-11;28,9833333333333;34,8;24,7;10,1
2024-01-12;28,1916666666667;33,4;24,8;8,6
2024-01-13;28,75;34,9;25,7;9,2
2024-01-14;29,0791666666667;35,2;23,2;12
2024-01-15;29,4208333333333;35,3;26,5;8,8
2024-01-16;29,8208333333333;35,4;25,6;9,8
2024-01-17;29,3416666666667;35,3;26;9,3
2024-01-18;30,75;37,2;24,6;12,6
2024-01-19;31,2583333333333;38,3;25;13,3
2024-01-20;30,1583333333333;37,5;24,7;12,8
2024-01-21;27,4833333333333;32,4;24,3;8,1
2024-01-22;25,5166666666667;29;23,8;5,2
2024-01-23;26,2458333333333;31,8;23,5;8,3
2024-01-24;27,4333333333333;34,1;22;12,1
2024-01-25;27,5333333333333;34,9;21,1;13,8
2024-01-26;27,3;35;20,6;14,4
2024-01-27;27,4458333333333;34,9;21,4;13,5
2024-01-28;27,6291666666667;36,2;18,9;17,3
2024-01-29;28,9083333333333;37,4;19,3;18,1
2024-01-30;29,2875;37,8;23,7;14,1
2024-01-31;27,9875;35,7;22,2;13,5
2024-02-01;29,4791666666667;38,7;22,2;16,5
2024-02-02;30,1125;38,5;22,5;16
2024-02-03;29,2208333333333;36,1;23,8;12,3
2024-02-04;28,9458333333333;36,3;23,3;13
2024-02-05;29,05;36,5;24,5;12
2024-02-06;26,8166666666667;35;23,1;11,9
2024-02-07;28,1791666666667;36,7;23,4;13,3
2024-02-08;24,375;27,9;21,4;6,5
2024-02-09;26,45;31;23,5;7,5
2024-02-10;27,0208333333333;32,8;24,2;8,6
2024-02-11;27,75;35,1;23,6;11,5
2024-02-12;26,2625;31,5;23;8,5
2024-02-13;28,6333333333333;35;23,9;11,1
2024-02-14;28,8958333333333;35;24,8;10,2
2024-02-15;28,6625;35,2;23,7;11,5
2024-02-16;29,0833333333333;36,3;24;12,3
2024-02-17;27,875;35,7;23;12,7
2024-02-18;25,4458333333333;29,6;23,5;6,1
2024-02-19;27,3;34,2;23,4;10,8
2024-02-20;26,7333333333333;32,9;22,9;10
2024-02-21;26,2583333333333;33,5;22,9;10,6
2024-02-22;28,3208333333333;34,7;22,8;11,9
2024-02-23;29,6375;34,9;25,1;9,8
2024-02-24;28,4416666666667;35,7;24,7;11
2024-02-25;28,0375;34,7;22,3;12,4
2024-02-26;30;37,7;24;13,7
2024-02-27;29,2625;37,9;23,7;14,2
2024-02-28;29,0375;35,6;23,2;12,4
2024-02-29;30,3375;37,2;24,4;12,8
2024-03-01;30,7916666666667;37,9;25,4;12,5
2024-03-02;30,9416666666667;38,3;24,8;13,5
2024-03-03;30,1708333333333;36,6;23,8;12,8
2024-03-04;28,6625;34,5;24,1;10,4
2024-03-05;27,1666666666667;33,5;22,5;11
2024-03-06;27,4833333333333;34;23,3;10,7
2024-03-07;29,3958333333333;36;23,9;12,1
2024-03-08;29,225;35;24,5;10,5
2024-03-09;30,0708333333333;36;24,9;11,1
2024-03-10;30,5666666666667;37,1;25,1;12
2024-03-11;29,875;37,8;24,4;13,4
2024-03-12;30,575;37,8;24,6;13,2
2024-03-13;31,3416666666667;37,2;26,4;10,8
2024-03-14;31,7791666666667;37,8;26,7;11,1
2024-03-15;30,7666666666667;37,8;26,2;11,6
2024-03-16;31,125;37,7;24,9;12,8
2024-03-17;30,7416666666667;37,5;25,4;12,1
2024-03-18;30,3;36,5;25,9;10,6
2024-03-19;31,5708333333333;38,6;24,8;13,8
2024-03-20;31,5166666666667;37,6;25,2;12,4
2024-03-21;29,7125;38,8;21,6;17,2
2024-03-22;26,0625;33,2;21,8;11,4
2024-03-23;26,6666666666667;30,4;23,2;7,2
2024-03-24;26,6791666666667;30,6;24,1;6,5
2024-03-25;27,4708333333333;33,6;24,5;9,1
2024-03-26;26,8375;33,5;24;9,5
2024-03-27;27,4208333333333;33,9;22,1;11,8
2024-03-28;27,8041666666667;34;22,1;11,9
2024-03-29;27,5375;33,9;23,3;10,6
2024-03-30;27,4875;35,7;23,6;12,1
2024-03-31;26,0541666666667;33,3;23,8;9,5
2024-04-01;25,2083333333333;28,6;22,6;6
2024-04-02;27,575;34,3;23,2;11,1
2024-04-03;28,8666666666667;35,2;24,1;11,1
2024-04-04;29,5666666666667;37,3;23,8;13,5
2024-04-05;29,0208333333333;37,7;23,9;13,8
2024-04-06;29,4166666666667;37,7;24,2;13,5
2024-04-07;26,3791666666667;31,9;24,4;7,5
2024-04-08;27,5166666666667;33,9;23,7;10,2
2024-04-09;27,9166666666667;36,1;22,8;13,3
2024-04-10;27,4416666666667;33,1;23;10,1
2024-04-11;27,0291666666667;30,3;24,9;5,4
2024-04-12;25,4541666666667;29,4;23,6;5,8
2024-04-13;26,7791666666667;32,5;23,2;9,3
2024-04-14;28,1291666666667;33,9;24,3;9,6
2024-04-15;25,9666666666667;28,5;24,3;4,2
2024-04-16;24,5666666666667;26,5;23,9;2,6
2024-04-17;23,8375;27,9;20,3;7,6
2024-04-18;21,8;29,3;16,4;12,9
2024-04-19;23,125;31,8;16,1;15,7
2024-04-20;25,7666666666667;34,2;18,4;15,8
2024-04-21;27,4208333333333;35,6;21,7;13,9
2024-04-22;27,925;34,5;22,8;11,7
2024-04-23;27,5625;34,9;21,5;13,4
2024-04-24;26,8583333333333;33,5;21,5;12
2024-04-25;27,3958333333333;35,2;21,4;13,8
2024-04-26;28,125;36,1;21,8;14,3
2024-04-27;28,7125;36,1;22,8;13,3
2024-04-28;29,0166666666667;35,9;23,7;12,2
2024-04-29;29,45;36,1;23,9;12,2
2024-04-30;29,3458333333333;35,5;23,2;12,3
2024-05-01;29,5583333333333;35,8;24,1;11,7
2024-05-02;29,0416666666667;35,6;22,8;12,8
2024-05-03;28,4541666666667;35,2;22,9;12,3
2024-05-04;28,1583333333333;36;22,7;13,3
2024-05-05;27,7583333333333;36,8;21,2;15,6
2024-05-06;27,5375;35,3;20,7;14,6
2024-05-07;27,2291666666667;35,4;20,2;15,2
2024-05-08;28,0208333333333;35,8;19,9;15,9
2024-05-09;27,8291666666667;35,2;22,7;12,5
2024-05-10;27,65;35,4;22,5;12,9
2024-05-11;26,7791666666667;35;19,4;15,6
2024-05-12;27,3958333333333;35,1;20,7;14,4
2024-05-13;23,3083333333333;27,7;18;9,7
2024-05-14;18,6791666666667;23,1;16,7;6,4
2024-05-15;19,3291666666667;26,4;16;10,4
2024-05-16;22,3708333333333;31,3;14,5;16,8
2024-05-17;24,5166666666667;33;17,7;15,3
2024-05-18;22,2083333333333;27,7;18,4;9,3
2024-05-19;18,125;21,4;15,8;5,6
2024-05-20;20,675;27,2;16,9;10,3
2024-05-21;24,4625;33,8;16,3;17,5
2024-05-22;26,8458333333333;35,8;18,6;17,2
2024-05-23;28,3916666666667;34,5;21,8;12,7
2024-05-24;20,0583333333333;29,1;16,1;13
2024-05-25;15,6916666666667;18,2;13,9;4,3
2024-05-26;13,8375;15,2;12,3;2,9
2024-05-27;14,1791666666667;16,1;13,5;2,6
2024-05-28;15,1;20,1;10,8;9,3
2024-05-29;15,4125;22,7;10,3;12,4
2024-05-30;18,5083333333333;27,6;11,7;15,9
2024-05-31;21,4166666666667;30,3;15,2;15,1
2024-06-01;22,7666666666667;32,6;14,9;17,7
2024-06-02;23,8625;33,6;16,2;17,4
2024-06-03;24,4083333333333;34;17,7;16,3
2024-06-04;23,525;33,7;16,5;17,2
2024-06-05;24,1333333333333;33,5;17,7;15,8
2024-06-06;23,5125;33,7;15,6;18,1
2024-06-07;23,4125;34,7;15;19,7
2024-06-08;25,0791666666667;34,4;17;17,4
2024-06-09;25,4208333333333;34,4;16,6;17,8
2024-06-10;25,2625;34;17,1;16,9
2024-06-11;24,3291666666667;34,9;16,4;18,5
2024-06-12;24,1916666666667;34,9;15,3;19,6
2024-06-13;25,5583333333333;34,6;16,2;18,4
2024-06-14;27,1125;34,7;17,9;16,8
2024-06-15;27,0125;34,3;20,1;14,2
2024-06-16;26,9458333333333;35,4;19,2;16,2
2024-06-17;26,1791666666667;34,7;18,9;15,8
2024-06-18;25,7166666666667;34,2;17,5;16,7
2024-06-19;25,4416666666667;34,1;17,6;16,5
2024-06-20;25,075;36;16,8;19,2
2024-06-21;24,6375;34,8;15;19,8
2024-06-22;26,2791666666667;34,9;16,9;18
2024-06-23;27,2375;35;20,8;14,2
2024-06-24;26,2166666666667;35;18,9;16,1
2024-06-25;25,1458333333333;32;19,8;12,2
2024-06-26;19,5708333333333;23,2;17,3;5,9
2024-06-27;20,2875;28,8;14,9;13,9
2024-06-28;22,7;32,7;13,9;18,8
2024-06-29;21,8083333333333;26,9;16,7;10,2
2024-06-30;17,0083333333333;22,9;13,4;9,5
2024-07-01;19,8;28,9;13,2;15,7
2024-07-02;23,2291666666667;34;14,6;19,4
2024-07-03;24,5958333333333;35,7;15,7;20
2024-07-04;23,975;35,5;14,4;21,1
2024-07-05;25,775;34,4;20,7;13,7
2024-07-06;19,225;25,8;15,9;9,9
2024-07-07;19,9708333333333;25,1;16;9,1
2024-07-08;15,1;17,9;13,3;4,6
2024-07-09;13,1083333333333;14,9;12;2,9
2024-07-10;13,6583333333333;16,7;11,4;5,3
2024-07-11;17,2;25;12,4;12,6
2024-07-12;13,6083333333333;19,1;11,1;8
2024-07-13;13,1166666666667;18,8;10,1;8,7
2024-07-14;14,1708333333333;22,7;8,5;14,2
2024-07-15;15,8416666666667;24,5;10,5;14
2024-07-16;19,4166666666667;30,7;11,2;19,5
2024-07-17;22,6541666666667;33,6;14,7;18,9
2024-07-18;23,925;34,5;15,2;19,3
2024-07-19;24,2791666666667;35,8;14,2;21,6
2024-07-20;24,3333333333333;34,8;15,3;19,5
2024-07-21;24,65;35,9;16,3;19,6
2024-07-22;24,0375;35,2;13,5;21,7
2024-07-23;24,4166666666667;34,7;16,3;18,4
2024-07-24;24,5833333333333;35,2;14,3;20,9
2024-07-25;23,9875;36,8;14,1;22,7
2024-07-26;24,0416666666667;36;15,1;20,9
2024-07-27;25,5333333333333;37,5;16,2;21,3
2024-07-28;25,3708333333333;37,3;16;21,3
2024-07-29;24,3708333333333;36;14,9;21,1
2024-07-30;23,775;31,5;18,3;13,2
2024-07-31;26,3666666666667;35,4;19,9;15,5
2024-08-01;28,7625;37,8;18,7;19,1
2024-08-02;29,3041666666667;36,2;22,1;14,1
2024-08-03;29,5916666666667;36,7;21,9;14,8
2024-08-04;26,6041666666667;36,6;18,8;17,8
2024-08-05;26,8833333333333;37,7;18;19,7
2024-08-06;26,2625;36,3;15,9;20,4
2024-08-07;26,175;35,7;16,2;19,5
2024-08-08;18,8916666666667;24,2;15,2;9
2024-08-09;11,6208333333333;15,4;8,6;6,8
2024-08-10;11,9291666666667;20,1;5,5;14,6
2024-08-11;14,85;25,5;6,3;19,2
2024-08-12;16,3291666666667;26,5;7,8;18,7
2024-08-13;16,8333333333333;26,2;9,9;16,3
2024-08-14;21,2958333333333;32,1;11,9;20,2
2024-08-15;24,3375;37,8;13,7;24,1
2024-08-16;25,6625;38,4;15,8;22,6
2024-08-17;27,3708333333333;39,9;17,6;22,3
2024-08-18;28,7958333333333;39,7;18,5;21,2
2024-08-19;27,8666666666667;39,4;18,7;20,7
2024-08-20;27,7875;40,2;18,1;22,1
2024-08-21;27,4541666666667;39,2;17,3;21,9
2024-08-22;27,7375;38,3;17,8;20,5
2024-08-23;19,3583333333333;23,4;17,3;6,1
2024-08-24;16,2083333333333;18;15;3
2024-08-25;13,4333333333333;15,7;9,6;6,1
2024-08-26;15,125;23,4;7,3;16,1
2024-08-27;21,7958333333333;30,7;13,5;17,2
2024-08-28;25,7958333333333;36,2;18;18,2
2024-08-29;27,9041666666667;38,5;16,7;21,8
2024-08-30;30,7291666666667;39;21,4;17,6
2024-08-31;27,8416666666667;38,7;17,5;21,2
2024-09-01;22,9625;31;17,2;13,8
2024-09-02;24,1625;36,4;14,8;21,6
2024-09-03;27,625;40,5;16,4;24,1
2024-09-04;28,85;39,1;18,4;20,7
2024-09-05;21,6375;27,1;18,3;8,8
2024-09-06;23,7208333333333;33,8;16,6;17,2
2024-09-07;28,0208333333333;41;17,3;23,7
2024-09-08;28,4625;41,6;18,7;22,9
2024-09-09;27,9833333333333;40,1;17,4;22,7
2024-09-10;26,1083333333333;38,3;17;21,3
2024-09-11;27,8;39,6;16,6;23
2024-09-12;27,675;36,7;19,6;17,1
2024-09-13;28,025;38,5;19,6;18,9
2024-09-14;23,1166666666667;27,3;21,1;6,2
2024-09-15;21,0958333333333;23,4;18,7;4,7
2024-09-16;21,8833333333333;27,9;18,2;9,7
2024-09-17;24,375;31,3;18;13,3
2024-09-18;29,2875;37,2;21,7;15,5
2024-09-19;32,8291666666667;41,6;24,4;17,2
2024-09-20;31,7416666666667;38,5;22,1;16,4
2024-09-21;26,9041666666667;35,9;20,6;15,3
2024-09-22;31,125;41,5;23,3;18,2
2024-09-23;32,1625;42,8;22,5;20,3
2024-09-24;32,1541666666667;42,2;23;19,2
2024-09-25;31,7916666666667;40,2;23,1;17,1
2024-09-26;26,1541666666667;32;22,3;9,7
2024-09-27;23,8;30,1;19,5;10,6
2024-09-28;27,2;36;18,9;17,1
2024-09-29;31,7541666666667;40,4;25;15,4
2024-09-30;33,2291666666667;42,9;24,3;18,6
2024-10-01;33,3375;40,8;26,2;14,6
2024-10-02;31,7458333333333;38,9;24;14,9
2024-10-03;27,375;32,8;23,6;9,2
2024-10-04;29,3583333333333;37,1;21,4;15,7
2024-10-05;32,0833333333333;40,1;26,2;13,9
2024-10-06;33,65;42,6;26;16,6
2024-10-07;34,2083333333333;43,7;25,8;17,9
2024-10-08;33,6583333333333;41,8;26,2;15,6
2024-10-09;31,45;38,3;24,2;14,1
2024-10-10;24,725;28,8;22,3;6,5
2024-10-11;24,0416666666667;27;21,7;5,3
2024-10-12;26,4;33,4;19,8;13,6
2024-10-13;30,5208333333333;38,2;24,1;14,1
2024-10-14;30,9666666666667;37,7;27;10,7
2024-10-15;31,1083333333333;39,4;23,8;15,6
2024-10-16;30,5375;37,8;23,5;14,3
2024-10-17;29,1833333333333;39,9;22,9;17
2024-10-18;25,7916666666667;33,6;22,2;11,4
2024-10-19;24,075;26,4;22,4;4
2024-10-20;25,1458333333333;30;21,8;8,2
2024-10-21;26,1875;33,9;22,1;11,8
2024-10-22;26,7083333333333;34,9;22,2;12,7
2024-10-23;29,85;37,2;23,6;13,6
2024-10-24;31,75;36,4;24,6;11,8
2024-10-25;29,5666666666667;35,8;24,3;11,5
2024-10-26;24,125;28,9;21,6;7,3
2024-10-27;26,2416666666667;32;21,6;10,4
2024-10-28;28,3916666666667;34,8;22,8;12
2024-10-29;29,0875;35,3;23,1;12,2
2024-10-30;30,1791666666667;37;23,6;13,4
2024-10-31;30,425;36,5;25,6;10,9
2024-11-01;26,4333333333333;33,1;22,6;10,5
2024-11-02;25,8916666666667;30,1;22,6;7,5
2024-11-03;24,3083333333333;26,9;22,5;4,4
2024-11-04;27,1458333333333;33,4;21,9;11,5
2024-11-05;27,325;33,6;23,9;9,7
2024-11-06;26,9708333333333;33;23,4;9,6
2024-11-07;25,3541666666667;32,1;22,3;9,8
2024-11-08;26,5791666666667;32,1;23;9,1
2024-11-09;26,8333333333333;34,4;20,8;13,6
2024-11-10;28,2625;35,8;20,6;15,2
2024-11-11;29,8708333333333;37,1;22,9;14,2
2024-11-12;26,075;31,2;20,8;10,4
2024-11-13;22,575;30;17,3;12,7
2024-11-14;24,3291666666667;33,6;15,1;18,5
2024-11-15;28,1583333333333;37,1;18;19,1
2024-11-16;30,2875;35,5;25;10,5
2024-11-17;29,4;34,7;25,1;9,6
2024-11-18;28,5416666666667;35,3;24,3;11
2024-11-19;27,3416666666667;35,1;23,2;11,9
2024-11-20;27,075;35,9;23,8;12,1
2024-11-21;27,5125;32,6;24,1;8,5
2024-11-22;28,3041666666667;34,3;24,1;10,2
2024-11-23;27,45;34,5;23,9;10,6
2024-11-24;29,3583333333333;36,5;23,1;13,4
2024-11-25;30,2583333333333;36,7;23,1;13,6
2024-11-26;30,0291666666667;36,1;23,4;12,7
2024-11-27;30,5416666666667;36,1;26,2;9,9
2024-11-28;31,2875;37;25,6;11,4
2024-11-29;31,8708333333333;38,4;26,7;11,7
2024-11-30;28,3208333333333;33,3;23,9;9,4
2024-12-01;29,8208333333333;35,6;25,8;9,8
2024-12-02;27,6208333333333;34;22,4;11,6
2024-12-03;24,4333333333333;27,3;23;4,3
2024-12-04;25,3833333333333;29,7;22,7;7
2024-12-05;27,4583333333333;32,7;21,9;10,8
2024-12-06;28,225;33,2;24,5;8,7
2024-12-07;29,0208333333333;34,7;25,4;9,3
2024-12-08;29,1;34,5;25,5;9
2024-12-09;27,6958333333333;33,5;24,8;8,7
2024-12-10;26,5916666666667;30,6;24,5;6,1
2024-12-11;29,2125;35,3;24,6;10,7
2024-12-12;27,3416666666667;35,5;23,9;11,6
2024-12-13;26,1125;33,2;22,2;11
2024-12-14;24,7208333333333;27,9;21,8;6,1
2024-12-15;26,7791666666667;33,2;22,3;10,9
2024-12-16;26,3208333333333;33,5;20,4;13,1
2024-12-17;26,6166666666667;34,6;19,7;14,9
2024-12-18;28,0875;34,6;21,1;13,5
2024-12-19;28,4;33,1;24,6;8,5
2024-12-20;27,7166666666667;33,9;24,2;9,7
2024-12-21;27,4541666666667;34,5;22,2;12,3
2024-12-22;27,0583333333333;31,6;23,8;7,8
2024-12-23;27,5375;34,4;23,3;11,1
2024-12-24;27,4458333333333;35,2;23,2;12
2024-12-25;24,4375;29,6;22,8;6,8
2024-12-26;25,775;31,9;21,2;10,7
2024-12-27;25,5416666666667;33;19,5;13,5
2024-12-28;25,9541666666667;34,2;18,5;15,7
2024-12-29;26,8541666666667;35;19,3;15,7
2024-12-30;27,9083333333333;35,5;20,1;15,4
2024-12-31;28,3;35,6;20,4;15,2
2025-01-01;29,15;35,6;21,7;13,9
2025-01-02;27,2791666666667;33;23,7;9,3
2025-01-03;27,1708333333333;32,8;22,9;9,9
2025-01-04;27,2333333333333;34,4;23;11,4
2025-01-05;29,2333333333333;35,9;23,6;12,3
2025-01-06;29,5125;36,2;23,2;13
2025-01-07;29,4666666666667;37,2;23,7;13,5
2025-01-08;30,0708333333333;37,4;24,4;13
2025-01-09;29,5875;36,5;25,3;11,2
2025-01-10;28,9125;37,9;24,1;13,8
2025-01-11;29,6458333333333;37,6;23,9;13,7
2025-01-12;28,9541666666667;37,2;22,7;14,5
2025-01-13;28,125;36,8;23,1;13,7
2025-01-14;27,4916666666667;35;22,5;12,5
2025-01-15;27,6083333333333;35,7;23,4;12,3
2025-01-16;29,45;38,3;22,2;16,1
2025-01-17;29,3166666666667;39,5;23,5;16
2025-01-18;25,6708333333333;31,3;22,1;9,2
2025-01-19;26,9541666666667;33,3;22,7;10,6
2025-01-20;26,85;32,7;23,2;9,5
2025-01-21;27,2375;33;22,7;10,3
2025-01-22;26,9916666666667;33,8;23,5;10,3
2025-01-23;26,65;32,5;23,3;9,2
2025-01-24;28,7958333333333;36,2;21,9;14,3
2025-01-25;29,2083333333333;38,5;24,3;14,2
2025-01-26;29,8875;36,9;23,9;13
2025-01-27;28,9166666666667;37,1;25,1;12
2025-01-28;29,4125;37,3;24,1;13,2
2025-01-29;27,4958333333333;33,5;24,3;9,2
2025-01-30;26,3;36,1;23,1;13
2025-01-31;27,8333333333333;36,3;20,2;16,1
2025-02-01;26,6875;34,4;20,9;13,5
2025-02-02;27,8125;34,5;22,1;12,4
2025-02-03;28,55;36;23,5;12,5
2025-02-04;27,3208333333333;35,2;23,4;11,8
2025-02-05;25,3166666666667;32;23,2;8,8
2025-02-06;25,7791666666667;31,9;23,3;8,6
2025-02-07;26,8458333333333;33,8;22,6;11,2
2025-02-08;27,0708333333333;34,9;23,8;11,1
2025-02-09;28,1041666666667;37,2;22,1;15,1
2025-02-10;29,3041666666667;36,2;22,2;14
2025-02-11;28,775;34,8;22,6;12,2
2025-02-12;27,9583333333333;33;23,3;9,7
2025-02-13;28,4958333333333;34,9;23;11,9
2025-02-14;29,3625;35,7;23,7;12
2025-02-15;30,4083333333333;36,4;24,8;11,6
2025-02-16;28,9125;37,7;24,5;13,2
2025-02-17;29,6;36,9;22,6;14,3
2025-02-18;26,5291666666667;35;20,9;14,1
2025-02-19;27,4041666666667;35;21,8;13,2
2025-02-20;28,2208333333333;35,8;23,7;12,1
2025-02-21;28,825;35,9;23,5;12,4
2025-02-22;29,5041666666667;37,5;24,4;13,1
2025-02-23;28,0083333333333;36,8;24,5;12,3
2025-02-24;28,0458333333333;35,9;22,7;13,2
2025-02-25;25,5458333333333;30,4;22,5;7,9
2025-02-26;24,9875;29,6;23,1;6,5
2025-02-27;25,9458333333333;32,9;22,6;10,3
2025-02-28;28,0625;34,2;23,8;10,4
2025-03-01;26,825;36;21,3;14,7
2025-03-02;27,8208333333333;35,9;22,4;13,5
2025-03-03;26,4333333333333;31,5;22,8;8,7
2025-03-04;28,8666666666667;36,5;23,5;13
2025-03-05;26,5375;31,1;23,1;8
2025-03-06;28,4;35;23;12
2025-03-07;27,8458333333333;36,7;23,1;13,6
2025-03-08;28,725;35,9;23;12,9
2025-03-09;27,6;35,3;22,9;12,4
2025-03-10;27,2708333333333;33,9;22,8;11,1
2025-03-11;26,2791666666667;34,3;22,6;11,7
2025-03-12;26,3666666666667;32,1;22,4;9,7
2025-03-13;26,2833333333333;31,9;23,3;8,6
2025-03-14;27,3541666666667;33,2;22,8;10,4
2025-03-15;27,8875;34,8;22,4;12,4
2025-03-16;28,75;36,2;22,2;14
2025-03-17;28,9375;35,3;23;12,3
2025-03-18;26,5791666666667;33,3;23,4;9,9
2025-03-19;27,1708333333333;35;20,5;14,5
2025-03-20;28,3666666666667;36,7;20,6;16,1
2025-03-21;29,0166666666667;36,8;22,3;14,5
2025-03-22;28,1791666666667;36,1;22;14,1
2025-03-23;23,1666666666667;26,3;21,6;4,7
2025-03-24;24,5958333333333;29,1;21,7;7,4
2025-03-25;27,1333333333333;33,3;23,1;10,2
2025-03-26;27,575;34,5;23,7;10,8
2025-03-27;27,5333333333333;33,5;22,5;11
2025-03-28;28,6875;34,7;23,3;11,4
2025-03-29;25,275;27,9;22,5;5,4
2025-03-30;27,6458333333333;34;22,4;11,6
2025-03-31;24,8666666666667;29,2;22,3;6,9
2025-04-01;25,85;30,7;22,6;8,1
2025-04-02;26,475;32,4;22,1;10,3
2025-04-03;27,375;34,6;22,6;12
2025-04-04;26,5333333333333;33;23,1;9,9
2025-04-05;24,3958333333333;29,7;18,5;11,2
2025-04-06;26,3375;31,2;22,1;9,1
2025-04-07;28,025;33,9;24,4;9,5
2025-04-08;26,025;31,9;22,5;9,4
2025-04-09;25,7333333333333;31,9;21,4;10,5
2025-04-10;26,475;32,8;20,7;12,1
2025-04-11;27,9958333333333;34,6;22,1;12,5
2025-04-12;24,0041666666667;30,5;21,2;9,3
2025-04-13;23,775;29;21,3;7,7
2025-04-14;24,8;31;20,5;10,5
2025-04-15;26,525;32,9;22,3;10,6
2025-04-16;26,075;31,4;22,6;8,8
2025-04-17;26,2541666666667;32,1;23,4;8,7
2025-04-18;23,8875;26,6;22;4,6
2025-04-19;23,525;26,3;21,3;5
2025-04-20;25,875;30,8;22,7;8,1
2025-04-21;26,5625;32,4;22,4;10
2025-04-22;27,1208333333333;32,1;23,5;8,6
2025-04-23;26,1458333333333;29,5;23,3;6,2
2025-04-24;24,6041666666667;30,4;22;8,4
2025-04-25;24,1833333333333;29,1;21,4;7,7
2025-04-26;26,5458333333333;32;22,9;9,1
2025-04-27;25,2333333333333;30;23,4;6,6
2025-04-28;24,3708333333333;28,2;21,1;7,1
2025-04-29;21,0375;27,9;16,5;11,4
2025-04-30;20,4625;28,1;14,4;13,7
2025-05-01;22,1291666666667;31,1;15,1;16
2025-05-02;24,2375;32,7;17,3;15,4
2025-05-03;24,7416666666667;33,9;18,6;15,3
2025-05-04;26,8;33;21,9;11,1
2025-05-05;26,6416666666667;33;22;11
2025-05-06;25,85;32,7;20,3;12,4
2025-05-07;25,5541666666667;32,8;19,6;13,2
2025-05-08;26,775;33,7;20,7;13
2025-05-09;27,2375;33,8;22,4;11,4
2025-05-10;22,5708333333333;26,1;19,5;6,6
2025-05-11;21,3208333333333;27,8;16,6;11,2
2025-05-12;23,5125;30,2;17,7;12,5
2025-05-13;25,4166666666667;32,6;20,1;12,5
2025-05-14;25,8583333333333;31;21,6;9,4
2025-05-15;25,025;31;20,8;10,2
2025-05-16;24,875;31,7;19,7;12
2025-05-17;25,2583333333333;32,3;20,1;12,2
2025-05-18;25,1666666666667;31,9;19,2;12,7
2025-05-19;25,075;32,4;19,6;12,8
2025-05-20;25,1333333333333;32,8;20;12,8
2025-05-21;24,6291666666667;32,3;19,3;13
2025-05-22;23,8708333333333;32,7;17,2;15,5
2025-05-23;23,7125;31,8;18,4;13,4
2025-05-24;23,6375;32,2;16,1;16,1
2025-05-25;24,4791666666667;33;17,9;15,1
2025-05-26;24,6125;32,4;17,7;14,7
2025-05-27;26,175;32,2;19,3;12,9
2025-05-28;16,7041666666667;27,4;11;16,4
2025-05-29;12,6875;18,6;8,6;10
2025-05-30;13,5958333333333;21,6;7,4;14,2
2025-05-31;18,0208333333333;24,6;11,6;13
2025-06-01;19,9083333333333;25,3;17,1;8,2
2025-06-02;20,7833333333333;26,4;16,7;9,7
2025-06-03;23,5458333333333;31,1;16,9;14,2
2025-06-04;25,0083333333333;32,3;19,3;13
2025-06-05;24,8041666666667;32,3;19,2;13,1
2025-06-06;24,2875;30,9;20,1;10,8
2025-06-07;24,2833333333333;31,8;18,3;13,5
2025-06-08;21,9208333333333;23;20,2;2,8
2025-06-09;19,4083333333333;23,3;14,6;8,7
2025-06-10;17,0625;24,3;11,4;12,9
2025-06-11;17,9375;24,7;14,1;10,6
2025-06-12;18,5583333333333;24,7;13,5;11,2
2025-06-13;21,3083333333333;26,2;17;9,2
2025-06-14;24,8;31,3;19,7;11,6
2025-06-15;23,4125;29;18,6;10,4
2025-06-16;25,5666666666667;32,2;20;12,2
2025-06-17;25,05;32,8;18,9;13,9
2025-06-18;23,875;32,3;17,6;14,7
2025-06-19;21,8375;28,6;16,9;11,7
2025-06-20;19,9375;25,9;16,8;9,1
2025-06-21;20,2;26,1;15,7;10,4
2025-06-22;24,3416666666667;30,5;18,5;12
2025-06-23;18,9791666666667;26,5;11,7;14,8
2025-06-24;12,0041666666667;19,5;5,5;14
2025-06-25;17,2083333333333;27,2;7,5;19,7
2025-06-26;21,2625;26,6;16,6;10
2025-06-27;22,9875;30,7;17,6;13,1
2025-06-28;25,6583333333333;33,4;19,4;14
2025-06-29;20,9083333333333;28,6;15,8;12,8
2025-06-30;14,2833333333333;17,1;12,8;4,3
2025-07-01;14,4375;19,7;11,6;8,1
2025-07-02;15,2041666666667;23,5;8,7;14,8
2025-07-03;16,8608695652174;25,7;9,7;16
2025-07-04;19,6416666666667;27,3;13,8;13,5
2025-07-05;20,7083333333333;29,5;14,2;15,3
2025-07-06;20,4791666666667;29,8;13,4;16,4
2025-07-07;20,275;29,9;13,1;16,8
2025-07-08;20,0458333333333;29,3;13,3;16
2025-07-09;20,7666666666667;29,2;14,1;15,1
2025-07-10;21,1083333333333;30,1;13,7;16,4
2025-07-11;21,8625;31,3;14,3;17
2025-07-12;21,9166666666667;31,3;14,5;16,8
2025-07-13;20,9458333333333;31,4;12,5;18,9
2025-07-14;22,2666666666667;32;14,5;17,5
2025-07-15;22,4666666666667;33;13,6;19,4
2025-07-16;22,6916666666667;32,8;14,1;18,7
2025-07-17;18,0625;22,7;13;9,7
2025-07-18;15,2458333333333;23,8;8,5;15,3
2025-07-19;17,8083333333333;28,1;9,9;18,2
2025-07-20;21,0125;31,4;12,9;18,5
2025-07-21;22,3625;32,2;14,2;18
2025-07-22;22,6083333333333;33,1;13,5;19,6
2025-07-23;23,7583333333333;34;15,1;18,9
2025-07-24;23,55;34;15;19
2025-07-25;24,35;34;17,5;16,5
2025-07-26;25,8083333333333;35,9;17,9;18
2025-07-27;25,5208333333333;34,6;16,6;18
2025-07-28;18,0875;22;13,6;8,4
2025-07-29;16,5958333333333;24,3;9,7;14,6
2025-07-30;19,0416666666667;28,3;11,6;16,7
2025-07-31;23,5666666666667;32,9;17,4;15,5
2025-08-01;26,1833333333333;35,8;16,6;19,2
2025-08-02;26,3;34,6;18,5;16,1
2025-08-03;26,5958333333333;34,3;19,9;14,4
2025-08-04;21,3375;25,7;19,6;6,1
2025-08-05;21,8958333333333;27,8;18,4;9,4
2025-08-06;21,6208333333333;29;16;13
2025-08-07;22,6166666666667;30,8;15,4;15,4
2025-08-08;19,8291666666667;24,6;14,5;10,1
2025-08-09;14,1833333333333;21,1;9,1;12
2025-08-10;14,1208333333333;24,5;5,9;18,6
2025-08-11;15,7416666666667;26,4;6,5;19,9
2025-08-12;17,4666666666667;28,3;8,3;20
2025-08-13;19,7458333333333;31,3;9,8;21,5
2025-08-14;20,575;32,1;10,4;21,7
2025-08-15;21,1916666666667;32,8;12,3;20,5
2025-08-16;23,5458333333333;34,9;12,2;22,7
2025-08-17;27,225;37,3;19,6;17,7
2025-08-18;28,0583333333333;37,9;17,7;20,2
2025-08-19;28,8333333333333;36,5;19;17,5
2025-08-20;23,3625;31,4;17,7;13,7
2025-08-21;28,1791666666667;37,9;19,4;18,5
2025-08-22;29,1541666666667;37;20,6;16,4
2025-08-23;26,5208333333333;37,3;18,2;19,1
2025-08-24;16,375;18,3;13,1;5,2
2025-08-25;14,4583333333333;22,3;9,9;12,4
2025-08-26;18,2041666666667;27,6;11,6;16
2025-08-27;20,5625;30,6;11,1;19,5
2025-08-28;23,125;31,3;17;14,3
2025-08-29;26,55;36,7;15,5;21,2
2025-08-30;29,8375;38,6;20,3;18,3
2025-08-31;31,0791666666667;38,3;24,5;13,8
2025-09-01;24,1375;29,7;19,6;10,1
2025-09-02;29,0916666666667;38,9;21,2;17,7
2025-09-03;30,6541666666667;38,6;21,6;17
2025-09-04;29,1291666666667;38,5;20,9;17,6
2025-09-05;19,0041666666667;24,8;14,7;10,1
2025-09-06;21,25;29,5;14,6;14,9
2025-09-07;25,2666666666667;35,1;17,1;18
2025-09-08;29,7041666666667;38,8;19,2;19,6
2025-09-09;28,6041666666667;37,2;22,1;15,1
2025-09-10;28,3541666666667;38,3;20,3;18
2025-09-11;30,0125;41,2;20;21,2
2025-09-12;28,9958333333333;38,7;21;17,7
2025-09-13;31,5958333333333;41,4;21,6;19,8
2025-09-14;31,7291666666667;40,8;24,6;16,2
2025-09-15;32,1375;39,7;25,1;14,6
2025-09-16;28,5166666666667;36,4;22,3;14,1
2025-09-17;28,675;38,1;19,6;18,5
2025-09-18;31,125;39,3;23;16,3
2025-09-19;31,4333333333333;38,9;23,9;15
2025-09-20;31,6791666666667;38,7;23,3;15,4
2025-09-21;32,9416666666667;38,4;27,9;10,5
2025-09-22;24,4375;32;17,1;14,9
2025-09-23;22,3791666666667;31,7;12,9;18,8
2025-09-24;28,4541666666667;37;20,9;16,1
2025-09-25;28,2666666666667;35,6;21,3;14,3
2025-09-26;29,2833333333333;37,7;22,8;14,9
2025-09-27;31,9166666666667;40,7;24,1;16,6
2025-09-28;25,2625;29,1;22;7,1
2025-09-29;28,65;38,3;21,1;17,2
2025-09-30;30,1208333333333;39,9;22,5;17,4
2025-10-01;23,4791666666667;26,2;20,8;5,4
2025-10-02;27,3;35,3;21,9;13,4
2025-10-03;26,6291666666667;31,5;23;8,5
2025-10-04;30,775;40,5;20,9;19,6
2025-10-05;32,3625;40,4;24,1;16,3
2025-10-06;29,5291666666667;40,3;23,2;17,1
2025-10-07;22,6541666666667;28,1;19,4;8,7
2025-10-08;24,4625;32,7;16,1;16,6
2025-10-09;27,3666666666667;36;19,1;16,9
2025-10-10;29,75;38;21,9;16,1
2025-10-11;31,9041666666667;39,9;23,6;16,3
2025-10-12;33,4083333333333;38,7;28,4;10,3
2025-10-13;29,3416666666667;34,4;24,7;9,7
2025-10-14;28,6625;35,5;23;12,5
2025-10-15;31,6583333333333;40,3;25,5;14,8
2025-10-16;33,2083333333333;40,1;26,4;13,7
2025-10-17;33,1083333333333;39,4;26,5;12,9
2025-10-18;24,1416666666667;31,6;21,6;10
2025-10-19;24,4166666666667;31,1;19,5;11,6
2025-10-20;25,1375;32;19,9;12,1
2025-10-21;26,35;33,5;19,5;14
2025-10-22;30,0666666666667;37,8;24,5;13,3
2025-10-23;31,6958333333333;37,9;26,1;11,8
2025-10-24;32,4083333333333;39,9;26,8;13,1
2025-10-25;32,8666666666667;40,1;25,7;14,4
2025-10-26;23,1625;31,4;19,9;11,5
2025-10-27;24,5083333333333;29,6;21,5;8,1
2025-10-28;27,0666666666667;33,1;22,7;10,4
2025-10-29;20,5083333333333;23,8;18,4;5,4
2025-10-30;21,9208333333333;29;17,2;11,8
2025-10-31;25,2041666666667;32,5;19,8;12,7
2025-11-01;28,9833333333333;34,7;22,8;11,9
2025-11-02;28,2416666666667;35,6;23,3;12,3
2025-11-03;27,7625;34,4;22,7;11,7
2025-11-04;28,3958333333333;36,2;23,6;12,6
2025-11-05;25,95;33,4;20,5;12,9
2025-11-06;27,6916666666667;34,4;21,4;13
2025-11-07;31,2416666666667;36,7;24,5;12,2
2025-11-08;23,7958333333333;30,3;19,5;10,8
2025-11-09;23,6458333333333;31,1;17,2;13,9
2025-11-10;28,1416666666667;35,6;20,4;15,2
2025-11-11;29,8958333333333;36,5;24;12,5
2025-11-12;30,7304347826087;36,4;25;11,4
2025-11-13;25,225;27,4;23,3;4,1
2025-11-14;24,9708333333333;29,2;22,6;6,6
2025-11-15;25,6375;29,4;23,4;6
2025-11-16;28,6791666666667;33,8;24;9,8
2025-11-17;22,0333333333333;29,4;18,2;11,2
2025-11-18;22,2125;29,6;15,8;13,8
2025-11-19;23,7666666666667;32,4;15,8;16,6
2025-11-20;25,075;35;15,6;19,4
2025-11-21;27,525;36,7;17,6;19,1
2025-11-22;27,9833333333333;35,2;21,4;13,8
2025-11-23;27,7958333333333;35,7;21,9;13,8
2025-11-24;27,5333333333333;34,8;21,7;13,1
2025-11-25;28,4217391304348;36,5;20,1;16,4
2025-11-26;29,725;38,3;22,9;15,4
2025-11-27;29,3583333333333;37,3;22;15,3
2025-11-28;30,3041666666667;38,6;23,4;15,2
2025-11-29;31,2875;39,9;23,9;16
2025-11-30;28,0458333333333;39,3;23,4;15,9
2025-12-01;27,35;36,4;22,9;13,5
2025-12-02;27,575;33,7;22,9;10,8
2025-12-03;27,35;35,9;22,2;13,7
2025-12-04;29,2291666666667;36,9;22,8;14,1
2025-12-05;30,3125;38,7;22,3;16,4
2025-12-06;29,425;37,7;23,1;14,6
2025-12-07;28,1916666666667;36;23,9;12,1
2025-12-08;25,4208333333333;30,6;23,7;6,9
2025-12-09;26,4416666666667;32,3;23,4;8,9
2025-12-10;27,6791666666667;35,1;22,4;12,7
2025-12-11;29,2916666666667;34,8;23,3;11,5
2025-12-12;28,5541666666667;34;23,1;10,9
2025-12-13;26,475;32,2;23,5;8,7
2025-12-14;28,3833333333333;34;24,3;9,7
2025-12-15;29,5916666666667;35,3;25,6;9,7
2025-12-16;23,3958333333333;28,9;21;7,9
2025-12-17;26,0625;33;20,3;12,7
2025-12-18;28,1916666666667;33,7;23,7;10
2025-12-19;29,1833333333333;35,9;23;12,9
2025-12-20;29,775;34,3;25,7;8,6
2025-12-21;29,1708333333333;33,8;26,3;7,5
2025-12-22;27,6826086956522;33,5;25;8,5
2025-12-23;27,395652173913;32,8;24,1;8,7
2025-12-24;28,4833333333333;34,1;23,6;10,5
2025-12-25;28,0583333333333;35,2;24,1;11,1
2025-12-26;28,725;35,1;23,3;11,8
2025-12-27;29,1916666666667;35,1;24,5;10,6
2025-12-28;26,9625;35,2;23,2;12
2025-12-29;26,0541666666667;32;22,6;9,4
2025-12-30;27,0416666666667;33,9;23,1;10,8
2025-12-31;26,895;34,2;22,9;11,3
