"Data";"Hora (UTC)";"Temp. Ins. (C)";"Temp. Max. (C)";"Temp. Min. (C)";"Umi. Ins. (%)";"Umi. Max. (%)";"Umi. Min. (%)";"Pto Orvalho Ins. (C)";"Pto Orvalho Max. (C)";"Pto Orvalho Min. (C)";"Pressao Ins. (hPa)";"Pressao Max. (hPa)";"Pressao Min. (hPa)";"Vel. Vento (m/s)";"Dir. Vento (m/s)";"Raj. Vento (m/s)";"Radiacao (KJ/m²)";"Chuva (mm)"
"05/01/2025";"0000";"26,1";"27,3";"25,6";"79,0";"84,0";"70,0";"22,1";"22,8";"21,3";"991,1";"991,1";"990,0";"0,0";"320,0";"2,2";"";"0,0"
"05/01/2025";"0100";"26,9";"26,9";"26,1";"74,0";"79,0";"71,0";"21,8";"22,2";"20,9";"992,0";"992,0";"991,1";"0,7";"2,0";"5,2";"";"0,0"
"05/01/2025";"0200";"26,0";"26,9";"25,9";"82,0";"82,0";"74,0";"22,7";"22,7";"21,8";"992,6";"992,6";"992,0";"0,0";"287,0";"4,1";"";"0,0"
"05/01/2025";"0300";"25,7";"26,1";"25,7";"83,0";"83,0";"81,0";"22,6";"22,7";"22,5";"992,4";"992,7";"992,4";"0,0";"318,0";"0,0";"";"0,0"
"05/01/2025";"0400";"25,9";"26,0";"25,6";"83,0";"84,0";"83,0";"22,8";"23,0";"22,6";"991,9";"992,4";"991,9";"0,4";"354,0";"2,4";"";"0,0"
"05/01/2025";"0500";"25,5";"26,0";"25,5";"84,0";"84,0";"83,0";"22,6";"22,9";"22,6";"991,7";"992,0";"991,7";"1,1";"338,0";"2,9";"";"0,0"
"05/01/2025";"0600";"25,0";"25,5";"25,0";"86,0";"86,0";"84,0";"22,4";"22,7";"22,4";"991,4";"991,7";"991,4";"0,4";"5,0";"2,9";"";"0,0"
"05/01/2025";"0700";"24,6";"25,1";"24,5";"88,0";"88,0";"85,0";"22,5";"22,5";"22,2";"991,2";"991,5";"991,2";"0,0";"221,0";"1,7";"";"0,0"
"05/01/2025";"0800";"24,1";"24,6";"24,1";"91,0";"91,0";"88,0";"22,5";"22,6";"22,3";"991,7";"991,7";"991,2";"0,0";"285,0";"0,0";"";"0,0"
"05/01/2025";"0900";"23,8";"24,1";"23,6";"92,0";"92,0";"91,0";"22,4";"22,5";"22,2";"992,0";"992,1";"991,7";"0,0";"157,0";"0,0";"";"0,0"
"05/01/2025";"1000";"25,3";"25,3";"23,6";"92,0";"93,0";"92,0";"23,9";"23,9";"22,2";"992,6";"992,6";"992,0";"0,0";"235,0";"1,1";"132,10";"0,0"
"05/01/2025";"1100";"27,2";"28,1";"25,3";"78,0";"92,0";"74,0";"22,9";"24,1";"22,4";"993,1";"993,1";"992,6";"0,3";"322,0";"1,8";"813,70";"0,0"
"05/01/2025";"1200";"29,5";"29,6";"27,1";"69,0";"79,0";"69,0";"23,3";"23,7";"22,7";"993,4";"993,4";"993,0";"0,7";"130,0";"2,5";"1554,60";"0,0"
"05/01/2025";"1300";"30,1";"30,5";"29,1";"66,0";"72,0";"64,0";"23,1";"24,0";"22,5";"993,8";"993,8";"993,4";"1,2";"356,0";"3,4";"2640,40";"0,0"
"05/01/2025";"1400";"31,7";"32,2";"30,1";"55,0";"68,0";"54,0";"21,6";"24,2";"21,3";"993,9";"994,0";"993,8";"1,1";"44,0";"3,5";"3087,30";"0,0"
"05/01/2025";"1500";"33,7";"33,7";"31,6";"56,0";"58,0";"49,0";"23,8";"23,8";"20,7";"993,3";"993,9";"993,3";"0,7";"252,0";"3,3";"3280,00";"0,0"
"05/01/2025";"1600";"33,5";"34,2";"32,9";"47,0";"56,0";"40,0";"20,6";"23,0";"18,1";"992,4";"993,3";"992,4";"2,1";"108,0";"4,2";"3581,10";"0,0"
"05/01/2025";"1700";"34,8";"35,3";"33,5";"38,0";"47,0";"36,0";"18,4";"21,4";"18,0";"991,4";"992,4";"991,4";"2,0";"182,0";"4,4";"3653,60";"0,0"
"05/01/2025";"1800";"35,3";"35,9";"34,7";"36,0";"41,0";"29,0";"17,7";"19,5";"15,1";"990,4";"991,4";"990,4";"0,3";"190,0";"4,4";"3438,20";"0,0"
"05/01/2025";"1900";"35,0";"35,9";"34,9";"33,0";"41,0";"30,0";"16,6";"19,7";"15,5";"989,5";"990,4";"989,5";"0,9";"174,0";"6,3";"2914,00";"0,0"
"05/01/2025";"2000";"34,4";"35,6";"33,7";"40,0";"42,0";"30,0";"18,9";"19,3";"15,5";"989,2";"989,5";"989,2";"0,2";"193,0";"4,8";"1972,70";"0,0"
"05/01/2025";"2100";"33,6";"34,5";"33,6";"37,0";"44,0";"36,0";"16,8";"19,6";"16,6";"989,4";"989,5";"989,2";"0,6";"159,0";"4,1";"1093,40";"0,0"
"05/01/2025";"2200";"31,7";"33,6";"31,7";"45,0";"45,0";"36,0";"18,2";"18,2";"16,1";"989,3";"989,5";"989,2";"0,0";"171,0";"4,1";"168,00";"0,0"
"05/01/2025";"2300";"29,1";"31,7";"29,1";"66,0";"66,0";"43,0";"22,1";"22,1";"16,8";"989,6";"989,6";"989,3";"0,2";"323,0";"4,3";"15,50";"0,0"
"06/01/2025";"0000";"28,0";"29,1";"27,9";"71,0";"71,0";"66,0";"22,1";"22,3";"22,0";"989,9";"989,9";"989,6";"0,0";"354,0";"2,8";"";"0,0"
"06/01/2025";"0100";"27,3";"28,0";"27,1";"73,0";"73,0";"70,0";"22,1";"22,1";"21,9";"991,0";"991,0";"989,9";"0,0";"314,0";"2,0";"";"0,0"
"06/01/2025";"0200";"26,6";"27,3";"26,6";"74,0";"76,0";"73,0";"21,6";"22,1";"21,6";"991,8";"991,8";"991,0";"0,0";"349,0";"1,9";"";"0,0"
"06/01/2025";"0300";"25,9";"26,7";"25,9";"80,0";"80,0";"74,0";"22,2";"22,2";"21,7";"992,0";"992,1";"991,8";"0,0";"296,0";"2,7";"";"0,0"
"06/01/2025";"0400";"24,9";"25,9";"24,8";"85,0";"85,0";"80,0";"22,2";"22,4";"21,9";"991,5";"992,0";"991,5";"0,0";"154,0";"1,4";"";"0,0"
"06/01/2025";"0500";"24,4";"24,9";"24,3";"87,0";"88,0";"85,0";"22,1";"22,3";"22,0";"991,0";"991,5";"991,0";"0,0";"127,0";"0,0";"";"0,0"
"06/01/2025";"0600";"24,7";"24,8";"24,2";"87,0";"89,0";"86,0";"22,3";"22,6";"22,1";"991,0";"991,0";"990,9";"0,0";"133,0";"0,0";"";"0,0"
"06/01/2025";"0700";"24,7";"24,7";"24,4";"88,0";"89,0";"87,0";"22,5";"22,7";"22,3";"990,8";"991,0";"990,8";"0,0";"52,0";"0,0";"";"0,0"
"06/01/2025";"0800";"23,9";"24,7";"23,9";"90,0";"90,0";"87,0";"22,1";"22,5";"22,1";"990,6";"990,8";"990,6";"0,0";"140,0";"0,0";"";"0,0"
"06/01/2025";"0900";"23,4";"23,9";"23,3";"91,0";"91,0";"90,0";"21,8";"22,1";"21,7";"991,4";"991,4";"990,6";"0,0";"138,0";"1,3";"";"0,0"
"06/01/2025";"1000";"25,3";"25,6";"23,2";"82,0";"91,0";"81,0";"22,0";"22,9";"21,5";"992,2";"992,2";"991,4";"0,0";"29,0";"0,5";"172,90";"0,0"
"06/01/2025";"1100";"28,1";"28,2";"25,3";"72,0";"82,0";"71,0";"22,5";"22,9";"21,5";"993,0";"993,0";"992,2";"0,0";"128,0";"0,0";"749,30";"0,0"
"06/01/2025";"1200";"30,4";"30,9";"28,0";"61,0";"73,0";"59,0";"22,0";"23,2";"21,4";"993,1";"993,1";"993,0";"0,0";"115,0";"0,0";"1614,90";"0,0"
"06/01/2025";"1300";"31,3";"31,3";"30,1";"61,0";"66,0";"57,0";"23,0";"23,5";"21,6";"993,3";"993,3";"993,1";"0,0";"144,0";"1,8";"1990,50";"0,0"
"06/01/2025";"1400";"32,7";"33,6";"31,3";"55,0";"62,0";"51,0";"22,5";"23,9";"21,3";"992,9";"993,3";"992,9";"0,5";"304,0";"3,5";"3065,20";"0,0"
"06/01/2025";"1500";"33,3";"34,0";"32,3";"53,0";"57,0";"47,0";"22,5";"23,0";"20,7";"992,2";"992,9";"992,2";"0,8";"344,0";"4,8";"3225,30";"0,0"
"06/01/2025";"1600";"35,1";"35,1";"33,3";"42,0";"56,0";"41,0";"20,1";"23,9";"19,2";"991,3";"992,2";"991,3";"1,1";"350,0";"4,8";"3678,10";"0,0"
"06/01/2025";"1700";"34,9";"35,7";"34,0";"48,0";"50,0";"40,0";"22,3";"22,7";"19,8";"990,5";"991,3";"990,5";"0,2";"285,0";"4,4";"3339,20";"0,0"
"06/01/2025";"1800";"35,9";"36,2";"34,1";"42,0";"52,0";"41,0";"21,0";"23,6";"21,0";"989,2";"990,5";"989,2";"0,5";"238,0";"5,6";"3163,30";"0,0"
"06/01/2025";"1900";"33,6";"35,9";"33,6";"50,0";"55,0";"40,0";"21,7";"23,8";"20,2";"988,6";"989,2";"988,6";"2,9";"311,0";"7,7";"2788,90";"0,0"
"06/01/2025";"2000";"33,9";"33,9";"31,7";"46,0";"53,0";"44,0";"20,7";"21,7";"19,7";"987,7";"988,6";"987,7";"0,5";"32,0";"9,1";"1960,50";"0,0"
"06/01/2025";"2100";"33,4";"35,2";"33,4";"47,0";"50,0";"42,0";"20,5";"22,2";"19,4";"987,7";"987,7";"987,5";"0,0";"346,0";"2,8";"1137,60";"0,0"
"06/01/2025";"2200";"31,8";"33,7";"31,8";"52,0";"57,0";"45,0";"20,8";"22,5";"19,8";"988,1";"988,1";"987,6";"0,0";"250,0";"2,8";"224,70";"0,0"
"06/01/2025";"2300";"30,4";"31,8";"30,4";"61,0";"63,0";"52,0";"22,0";"23,4";"20,9";"988,8";"988,8";"988,1";"0,0";"317,0";"0,8";"11,40";"0,0"